{"cameraMode":{"drawMode":0,"name":"Shaded","section":"Shading Mode"},"sceneLighting":true,"audioPlay":false,"sceneViewState":{"showFog":true,"showMaterialUpdate":false,"showSkybox":true,"showFlares":true,"showImageEffects":true,"showParticleSystems":true},"in2DMode":false,"pivot":{"x":9.05706787109375,"y":7.59893798828125,"z":-11.05889892578125},"rotation":{"x":-0.18006199598312379,"y":0.32930129766464236,"z":-0.06412442028522492,"w":-0.9246763586997986},"size":6.348784446716309,"orthographic":true}